的	of; 's
一	one
是	is; yes
了	le particle
我	I; me
不	not
人	person
在	at; in
他	he
有	have
这	this
个	ge measure
们	plural
中	middle; China
来	come
上	up; on
大	big
为	for; as
和	and
国	country
地	earth; -ly
到	to; arrive
以	by; with
说	say
时	time
要	want; need
就	then; at once
出	out
会	can; meeting
可	can; may
也	also
你	you
对	correct; toward
生	life; birth
能	can; able
而	and; yet
子	child; -zi
那	that
得	get; must
于	at; in
着	zhe particle
下	down; under
自	self
之	of
年	year
过	pass; too
发	send; hair
后	after
作	do; make
里	inside
用	use
道	way; say
行	go; OK
所	place
然	so; -ly
家	home; family
种	kind; plant
事	matter; thing
成	become
方	square; method
多	many
经	pass; classic
么	me particle
去	go
法	law; method
学	study
如	like; if
都	all; capital
同	same
现	now; appear
当	when; as
没	not have
动	move
面	face; side
起	rise
看	look; see
定	decide; fixed
天	day; sky
分	divide; minute
还	still; return
进	enter
好	good
小	small
部	part
其	its; that
些	some
主	main
样	kind; manner
理	reason; manage
心	heart
她	she
本	root; book
前	before
开	open
但	but
因	because
只	only
从	from
想	think
实	real
日	day; Japan
军	army
者	-er
意	meaning
无	without
力	power
它	it
与	and; with
长	long; chief
把	ba particle; hold
机	machine
十	ten
民	people
第	ordinal
公	public
此	this
已	already
工	work
使	make; use
情	feeling
明	bright; understand
性	nature; -ity
知	know
全	whole
三	three
又	again
关	close; about
点	point
正	straight; just
业	industry
外	outside
将	will; general
两	two
高	high
间	between
由	by; from
问	ask
很	very
最	most
重	heavy; important
并	and; also
物	thing
手	hand
应	should
战	war
向	toward
头	head
文	text; culture
体	body
政	politics
美	beautiful; America
相	each other; appearance
见	see
被	by passive
利	benefit
什	what
二	two
等	etc; wait
产	produce
或	or
新	new
己	self
制	system
身	body
果	fruit; result
加	add
西	west
斯	this (loan)
月	month; moon
话	speech
合	combine
回	return
特	special
代	era; replace
内	inside
信	letter; trust
表	table; show
化	-ize; change
老	old
给	give
世	world
位	position
次	time; order
度	degree
门	door
任	any; appoint
常	often
先	first
海	sea
通	through
教	teach
儿	child
原	original
东	east
声	sound
提	raise; mention
立	stand
及	and; reach
比	compare
员	member
解	solve
水	water
名	name
真	true
论	theory
处	place; deal
走	walk
义	justice; meaning
各	each
入	enter
几	several
口	mouth
认	recognize
条	strip; item
平	flat; peace
系	system
气	air; qi
题	topic
活	live
尔	you (loan)
更	more
别	other; don't
打	hit
女	woman
变	change
四	four
神	god; spirit
总	total
何	what
电	electric
数	number
安	safe; install
少	few
报	report
才	talent; only then
结	tie; result
反	against
受	receive
目	eye
太	too
量	amount
再	again
感	feel
建	build
务	affair
做	do
校	school
计	plan; count
管	manage
期	period
布	cloth; arrange
让	let
直	straight
爱	love
场	field
至	to; until
街	street
城	city
市	city; market
区	district
路	road
车	car
书	book
吃	eat
喝	drink
睡	sleep
买	buy
卖	sell
钱	money
块	yuan; piece
元	yuan
百	hundred
千	thousand
万	ten thousand
半	half
今	today; now
昨	yesterday
早	early
晚	late; evening
午	noon
夜	night
星	star
周	week; around
欢	happy
迎	welcome
谢	thanks
床	bed
房	room; house
屋	house
窗	window
桌	table
椅	chair
灯	lamp
脑	brain; computer
网	net
站	station
页	page
语	language
言	speech
字	character
词	word
句	sentence
英	English; heroic
韩	Korean
德	German; virtue
俄	Russian
阿	A-; Arabic
你好	hello; hi
谢谢	thanks
再见	goodbye
对不起	sorry
没关系	it's OK
请	please
是的	yes
不是	no; not
可以	OK; can
不行	no; won't do
怎么样	how about
什么	what
哪里	where
谁	who
为什么	why
怎么	how
多少	how many
今天	today
明天	tomorrow
昨天	yesterday
现在	now
以后	later
以前	before
时候	time; when
小时	hour
分钟	minute
早上	morning
中午	noon
下午	afternoon
晚上	evening
周末	weekend
朋友	friend
同学	classmate
老师	teacher
学生	student
家人	family
爸爸	dad
妈妈	mom
哥哥	older brother
姐姐	older sister
弟弟	younger brother
妹妹	younger sister
孩子	child
先生	Mr.; husband
女士	Ms.
小姐	Miss
中国	China
美国	USA
日本	Japan
英国	UK
法国	France
北京	Beijing
上海	Shanghai
香港	Hong Kong
台湾	Taiwan
深圳	Shenzhen
公司	company
工作	work
上班	go to work
下班	get off work
开会	meeting
电话	telephone
手机	mobile phone
电脑	computer
邮件	email
微信	WeChat
吃饭	eat a meal
喝水	drink water
睡觉	sleep
起床	get up
洗澡	bathe
走路	walk
开车	drive
坐车	take a vehicle
飞机	airplane
火车	train
地铁	subway
公交	bus
出租	taxi
自行车	bicycle
天气	weather
晴	sunny
雨	rain
雪	snow
风	wind
热	hot
冷	cold
温	warm
凉快	cool
舒服	comfortable
喜欢	like
需要	need
希望	hope
觉得	feel; think
知道	know
明白	understand
记得	remember
忘记	forget
开始	start
结束	end
继续	continue
停止	stop
完成	finish
帮助	help
麻烦	trouble
问题	problem; question
答案	answer
办法	method
时间	time
地方	place
东西	thing
事情	matter
机会	opportunity
重要	important
简单	simple
复杂	complex
容易	easy
困难	difficult
快	fast
慢	slow
错	wrong
坏	bad
丑	ugly
低	low
短	short
旧	old
近	near
远	far
左	left
右	right
红色	red
蓝色	blue
绿色	green
黄色	yellow
黑色	black
白色	white
颜色	color
声音	sound
音乐	music
电影	movie
电视	TV
新闻	news
报纸	newspaper
杂志	magazine
五	five
六	six
七	seven
八	eight
九	nine
零	zero
亿	hundred million
输入	input
输出	output
候选	candidate
拼音	pinyin
键盘	keyboard
语音	voice
识别	recognition
翻译	translate
英语	English
日语	Japanese
中文	Chinese
汉字	Chinese character
单词	word
句子	sentence
意思	meaning
早上好	good morning
晚上好	good evening
晚安	good night
恭喜	congratulations
生日快乐	happy birthday
新年快乐	happy new year
加油	come on; add oil
没问题	no problem
当然	of course
也许	maybe
一定	certainly
马上	right away
一会儿	a while
刚才	just now
最近	recently
一直	always; continuously
已经	already
还是	still; or
或者	or
因为	because
所以	so; therefore
如果	if
虽然	although
但是	but
而且	and; moreover
然后	then
接着	next
最后	finally
首先	first
其次	secondly
另外	in addition
比如	for example
也就是说	that is to say
总的来说	in general
寿司	sushi
漫画	manga; comics
动漫	anime
料理	cuisine; cooking
温泉	hot spring
樱花	cherry blossom
和服	kimono
武士	samurai
忍者	ninja
便当	bento
拉面	ramen
味噌	miso
こんにちは	hello
ありがとう	thanks
さようなら	goodbye
すみません	excuse me
はい	yes
いいえ	no
お願いします	please
大丈夫	it's OK
東京	Tokyo
大阪	Osaka
友達	friend
家族	family
火	fire
山	mountain
川	river
空	sky
今日	today
明日	tomorrow
昨日	yesterday
食べる	eat
飲む	drink
行く	go
来る	come
見る	see
聞く	hear; ask
話す	speak
読む	read
書く	write
大きい	big
小さい	small
新しい	new
古い	old
良い	good
悪い	bad
高い	expensive; tall
安い	cheap
多い	many
少ない	few
快乐	happy
悲伤	sad
高兴	happy; glad
生气	angry
害怕	scared
担心	worry
放心	relax; rest assured
紧张	nervous
放松	relax
健康	healthy
生病	get sick
医院	hospital
医生	doctor
护士	nurse
药	medicine
疼	pain
病	illness
身体	body
运动	sports; exercise
跑步	run
游泳	swim
足球	football
篮球	basketball
游戏	game
玩	play
休息	rest
旅行	travel
酒店	hotel
房间	room
钥匙	key
护照	passport
签证	visa
机场	airport
车站	station
票	ticket
价格	price
便宜	cheap
贵	expensive
免费	free
打折	discount
商店	shop
超市	supermarket
市场	market
衣服	clothes
裤子	pants
鞋子	shoes
帽子	hat
包	bag
眼镜	glasses
手表	watch
礼物	gift
生日	birthday
婚礼	wedding
节日	holiday
春节	Spring Festival
中秋	Mid-Autumn
国庆	National Day
假期	holiday; vacation
计划	plan
目标	goal
成功	success
失败	fail
努力	hard work
学习	study
考试	exam
成绩	grade; score
作业	homework
课程	course
专业	major; specialty
大学	university
小学	primary school
中学	middle school
幼儿园	kindergarten
图书馆	library
博物馆	museum
公园	park
动物园	zoo
电影院	cinema
餐厅	restaurant
咖啡馆	cafe
酒吧	bar
菜单	menu
味道	taste
好吃	delicious
好喝	tasty (drink)
辣	spicy
甜	sweet
苦	bitter
咸	salty
酸	sour
新鲜	fresh
干净	clean
脏	dirty
安静	quiet
吵	noisy
安全	safe
危险	dangerous
警察	police
消防	firefighting
银行	bank
邮局	post office
快递	express delivery
地址	address
号码	number
密码	password
账户	account
支付	pay
现金	cash
信用卡	credit card
支付宝	Alipay
扫码	scan QR
二维码	QR code
